Tag Name,Address,Data Type,Respect Data Type,Client Access,Scan Rate,Scaling,Raw Low,Raw High,Scaled Low,Scaled High,Scaled Data Type,Clamp Low,Clamp High,Eng Units,Description,Negate Value
"Machines.PipeBending.Monitoring.ChannelMonitoring_1.ChannelMode","ns=7;i=6039",Long,1,R/W,100,,,,,,,,,,"",
"Machines.PipeBending.Monitoring.ChannelMonitoring_1.ChannelState","ns=7;i=6030",Long,1,R/W,100,,,,,,,,,,"",
"Machines.PipeBending.Monitoring.ChannelMonitoring_1.FeedOverride","ns=7;i=6035",Double,1,R/W,100,,,,,,,,,,"",
"Machines.PipeBending.Monitoring.ChannelMonitoring_1.Name","ns=7;i=6038",String,1,R/W,100,,,,,,,,,,"",
"Machines.PipeBending.Monitoring.ChannelMonitoring_1.RapidOverride","ns=7;i=6041",Double,1,R/W,100,,,,,,,,,,"",
"Machines.PipeBending.Monitoring.ChannelMonitoring_2.ChannelMode","ns=7;i=6037",Long,1,R/W,100,,,,,,,,,,"",
"Machines.PipeBending.Monitoring.ChannelMonitoring_2.ChannelState","ns=7;i=6036",Long,1,R/W,100,,,,,,,,,,"",
"Machines.PipeBending.Monitoring.ChannelMonitoring_2.FeedOverride","ns=7;i=6042",Double,1,R/W,100,,,,,,,,,,"",
"Machines.PipeBending.Monitoring.ChannelMonitoring_2.Name","ns=7;i=6043",String,1,R/W,100,,,,,,,,,,"",
"Machines.PipeBending.Monitoring.ChannelMonitoring_2.RapidOverride","ns=7;i=6044",Double,1,R/W,100,,,,,,,,,,"",
"Machines.PipeBending.Monitoring.ChannelMonitoring_3.ChannelMode","ns=7;i=6046",Long,1,R/W,100,,,,,,,,,,"",
"Machines.PipeBending.Monitoring.ChannelMonitoring_3.ChannelState","ns=7;i=6045",Long,1,R/W,100,,,,,,,,,,"",
"Machines.PipeBending.Monitoring.ChannelMonitoring_3.FeedOverride","ns=7;i=6047",Double,1,R/W,100,,,,,,,,,,"",
"Machines.PipeBending.Monitoring.ChannelMonitoring_3.Name","ns=7;i=6048",String,1,R/W,100,,,,,,,,,,"",
"Machines.PipeBending.Monitoring.ChannelMonitoring_3.RapidOverride","ns=7;i=6049",Double,1,R/W,100,,,,,,,,,,"",
"Machines.PipeBending.Monitoring.MachineTool.IsWarmUp","ns=7;i=6063",Boolean,1,R/W,100,,,,,,,,,,"",
"Machines.PipeBending.Monitoring.MachineTool.PowerOnDuration","ns=7;i=6062",DWord,1,R/W,100,,,,,,,,,,"",
"Machines.PipeBending.Monitoring.MITSUBISHI CNC.A_D2G","ns=7;s=A_D2G",Double,1,R/W,100,,,,,,,,,,"",
"Machines.PipeBending.Monitoring.MITSUBISHI CNC.A_Mach_Pos","ns=7;s=A_Mach_Pos",Double,1,R/W,100,,,,,,,,,,"",
"Machines.PipeBending.Monitoring.MITSUBISHI CNC.A_Prog_Pos","ns=7;s=A_Prog_Pos",Double,1,R/W,100,,,,,,,,,,"",
"Machines.PipeBending.Monitoring.MITSUBISHI CNC.A_Servo_Current","ns=7;s=A_Servo_Current",Double,1,R/W,100,,,,,,,,,,"",
"Machines.PipeBending.Monitoring.MITSUBISHI CNC.A_Servo_RPM","ns=7;s=A_Servo_RPM",Double,1,R/W,100,,,,,,,,,,"",
"Machines.PipeBending.Monitoring.MITSUBISHI CNC.Act_Feed_Rate","ns=7;s=Act_Feed_Rate",Double,1,R/W,100,,,,,,,,,,"",
"Machines.PipeBending.Monitoring.MITSUBISHI CNC.Actual_Cutting_Time","ns=7;s=Actual_Cutting_Time",String,1,R/W,100,,,,,,,,,,"",
"Machines.PipeBending.Monitoring.MITSUBISHI CNC.Automatic_Operation_Time","ns=7;s=Automatic_Operation_Time",String,1,R/W,100,,,,,,,,,,"",
"Machines.PipeBending.Monitoring.MITSUBISHI CNC.B_D2G","ns=7;s=B_D2G",Double,1,R/W,100,,,,,,,,,,"",
"Machines.PipeBending.Monitoring.MITSUBISHI CNC.B_Mach_Pos","ns=7;s=B_Mach_Pos",Double,1,R/W,100,,,,,,,,,,"",
"Machines.PipeBending.Monitoring.MITSUBISHI CNC.B_Prog_Pos","ns=7;s=B_Prog_Pos",Double,1,R/W,100,,,,,,,,,,"",
"Machines.PipeBending.Monitoring.MITSUBISHI CNC.B_Servo_Current","ns=7;s=B_Servo_Current",Double,1,R/W,100,,,,,,,,,,"",
"Machines.PipeBending.Monitoring.MITSUBISHI CNC.B_Servo_RPM","ns=7;s=B_Servo_RPM",Double,1,R/W,100,,,,,,,,,,"",
"Machines.PipeBending.Monitoring.MITSUBISHI CNC.Cmd_Feed_Rate","ns=7;s=Cmd_Feed_Rate",Double,1,R/W,100,,,,,,,,,,"",
"Machines.PipeBending.Monitoring.MITSUBISHI CNC.Cumulative_Cycle_Time","ns=7;s=Cumulative_Cycle_Time",String,1,R/W,100,,,,,,,,,,"",
"Machines.PipeBending.Monitoring.MITSUBISHI CNC.Cycle_Time","ns=7;s=Cycle_Time",String,1,R/W,100,,,,,,,,,,"",
"Machines.PipeBending.Monitoring.MITSUBISHI CNC.Date","ns=7;s=Date",String,1,R/W,100,,,,,,,,,,"",
"Machines.PipeBending.Monitoring.MITSUBISHI CNC.Power_On_Time","ns=7;s=Power_On_Time",String,1,R/W,100,,,,,,,,,,"",
"Machines.PipeBending.Monitoring.MITSUBISHI CNC.Program_Name","ns=7;s=Program_Name",String,1,R/W,100,,,,,,,,,,"",
"Machines.PipeBending.Monitoring.MITSUBISHI CNC.Program_Path","ns=7;s=Program_Path",String,1,R/W,100,,,,,,,,,,"",
"Machines.PipeBending.Monitoring.MITSUBISHI CNC.RUN_MODE","ns=7;s=RUN_MODE",Short,1,R/W,100,,,,,,,,,,"",
"Machines.PipeBending.Monitoring.MITSUBISHI CNC.RUN_STATUS","ns=7;s=RUN_STATUS",Short,1,R/W,100,,,,,,,,,,"",
"Machines.PipeBending.Monitoring.MITSUBISHI CNC.Spindle_load","ns=7;s=Spindle_load",Short,1,R/W,100,,,,,,,,,,"",
"Machines.PipeBending.Monitoring.MITSUBISHI CNC.Spindle_RPM","ns=7;s=Spindle_RPM",Short,1,R/W,100,,,,,,,,,,"",
"Machines.PipeBending.Monitoring.MITSUBISHI CNC.Spindle_Temp","ns=7;s=Spindle_Temp",Double,1,R/W,100,,,,,,,,,,"",
"Machines.PipeBending.Monitoring.MITSUBISHI CNC.Time","ns=7;s=Time",String,1,R/W,100,,,,,,,,,,"",
"Machines.PipeBending.Monitoring.MITSUBISHI CNC.X_D2G","ns=7;s=X_D2G",Double,1,R/W,100,,,,,,,,,,"",
"Machines.PipeBending.Monitoring.MITSUBISHI CNC.X_Mach_Pos","ns=7;s=X_Mach_Pos",Double,1,R/W,100,,,,,,,,,,"",
"Machines.PipeBending.Monitoring.MITSUBISHI CNC.X_Prog_Pos","ns=7;s=X_Prog_Pos",Double,1,R/W,100,,,,,,,,,,"",
"Machines.PipeBending.Monitoring.MITSUBISHI CNC.X_Servo_Current","ns=7;s=X_Servo_Current",Double,1,R/W,100,,,,,,,,,,"",
"Machines.PipeBending.Monitoring.MITSUBISHI CNC.X_Servo_RPM","ns=7;s=X_Servo_RPM",Double,1,R/W,100,,,,,,,,,,"",
"Machines.PipeBending.Monitoring.PLC.Cum_Part_Count","ns=7;s=Cum_Part_Count",Word,1,R/W,100,,,,,,,,,,"",
"Machines.PipeBending.Monitoring.SpindleMonitoring_1.IsRotating","ns=7;i=6068",Boolean,1,R/W,100,,,,,,,,,,"",
"Machines.PipeBending.Monitoring.SpindleMonitoring_1.Name","ns=7;i=6069",String,1,R/W,100,,,,,,,,,,"",
"Machines.PipeBending.Monitoring.SpindleMonitoring_1.Override","ns=7;i=6070",Double,1,R/W,100,,,,,,,,,,"",
"Machines.PipeBending.Monitoring.SpindleMonitoring_2.IsRotating","ns=7;i=6051",Boolean,1,R/W,100,,,,,,,,,,"",
"Machines.PipeBending.Monitoring.SpindleMonitoring_2.Name","ns=7;i=6050",String,1,R/W,100,,,,,,,,,,"",
"Machines.PipeBending.Monitoring.SpindleMonitoring_2.Override","ns=7;i=6052",Double,1,R/W,100,,,,,,,,,,"",
"Machines.PipeBending.Monitoring.SpindleMonitoring_3.IsRotating","ns=7;i=6054",Boolean,1,R/W,100,,,,,,,,,,"",
"Machines.PipeBending.Monitoring.SpindleMonitoring_3.Name","ns=7;i=6053",String,1,R/W,100,,,,,,,,,,"",
"Machines.PipeBending.Monitoring.SpindleMonitoring_3.Override","ns=7;i=6055",Double,1,R/W,100,,,,,,,,,,"",
"Machines.PipeBending.Monitoring.SpindleMonitoring_4.IsRotating","ns=7;i=6057",Boolean,1,R/W,100,,,,,,,,,,"",
"Machines.PipeBending.Monitoring.SpindleMonitoring_4.Name","ns=7;i=6056",String,1,R/W,100,,,,,,,,,,"",
"Machines.PipeBending.Monitoring.SpindleMonitoring_4.Override","ns=7;i=6058",Double,1,R/W,100,,,,,,,,,,"",
"Machines.PipeBending.Monitoring.Stacklight.StackLight_1.NumberInList","ns=7;i=6032",Word,1,R/W,100,,,,,,,,,,"",
"Machines.PipeBending.Monitoring.Stacklight.StackLight_1.SignalColor","ns=7;i=6031",Long,1,R/W,100,,,,,,,,,,"",
"Machines.PipeBending.Monitoring.Stacklight.StackLight_1.SignalOn","ns=7;i=6033",Boolean,1,R/W,100,,,,,,,,,,"",
"Machines.PipeBending.Monitoring.Stacklight.StackLight_1.StacklightMode","ns=7;i=6120",Long,1,R/W,100,,,,,,,,,,"",
"Machines.PipeBending.Monitoring.Stacklight.StackLight_2.NumberInList","ns=7;i=6089",Word,1,R/W,100,,,,,,,,,,"",
"Machines.PipeBending.Monitoring.Stacklight.StackLight_2.SignalColor","ns=7;i=6088",Long,1,R/W,100,,,,,,,,,,"",
"Machines.PipeBending.Monitoring.Stacklight.StackLight_2.SignalOn","ns=7;i=6090",Boolean,1,R/W,100,,,,,,,,,,"",
"Machines.PipeBending.Monitoring.Stacklight.StackLight_2.StacklightMode","ns=7;i=6121",Long,1,R/W,100,,,,,,,,,,"",
"Machines.PipeBending.Monitoring.Stacklight.StackLight_3.NumberInList","ns=7;i=6092",Word,1,R/W,100,,,,,,,,,,"",
"Machines.PipeBending.Monitoring.Stacklight.StackLight_3.SignalColor","ns=7;i=6091",Long,1,R/W,100,,,,,,,,,,"",
"Machines.PipeBending.Monitoring.Stacklight.StackLight_3.SignalOn","ns=7;i=6093",Boolean,1,R/W,100,,,,,,,,,,"",
"Machines.PipeBending.Monitoring.Stacklight.StackLight_3.StacklightMode","ns=7;i=6122",Long,1,R/W,100,,,,,,,,,,"",
"Machines.PipeBending.Monitoring.Stacklight.StackLight_4.NumberInList","ns=7;i=6095",Word,1,R/W,100,,,,,,,,,,"",
"Machines.PipeBending.Monitoring.Stacklight.StackLight_4.SignalColor","ns=7;i=6094",Long,1,R/W,100,,,,,,,,,,"",
"Machines.PipeBending.Monitoring.Stacklight.StackLight_4.SignalOn","ns=7;i=6096",Boolean,1,R/W,100,,,,,,,,,,"",
"Machines.PipeBending.Monitoring.Stacklight.StackLight_4.StacklightMode","ns=7;i=6123",Long,1,R/W,100,,,,,,,,,,"",
"Machines.PipeBending.Monitoring.Stacklight.StackLight_5.NumberInList","ns=7;i=6098",Word,1,R/W,100,,,,,,,,,,"",
"Machines.PipeBending.Monitoring.Stacklight.StackLight_5.SignalColor","ns=7;i=6097",Long,1,R/W,100,,,,,,,,,,"",
"Machines.PipeBending.Monitoring.Stacklight.StackLight_5.SignalOn","ns=7;i=6099",Boolean,1,R/W,100,,,,,,,,,,"",
"Machines.PipeBending.Monitoring.Stacklight.StackLight_5.StacklightMode","ns=7;i=6124",Long,1,R/W,100,,,,,,,,,,"",
